Name,Type,Platform,Title,Modified,Open,Archive 1,Archive 2,Version,Link
BBG_ETL_MONTH_DATA.KSH,Job,Unix,bbg_etl_month_data.ksh,2013-4-18 PM8:36:55,,,,1,1009925
BBG_INVADJSDE.KSH,Job,Unix,bbg_invadjsde.ksh,2013-4-18 PM8:36:54,,,,1,1009844
BBG_INVADJSIL.KSH,Job,Unix,bbg_invadjsil.ksh,2013-4-18 PM8:36:54,,,,1,1009849
BBG_INVTSFSDE.KSH,Job,Unix,bbg_invtsfsde.ksh,2013-4-18 PM8:36:54,,,,1,1009845
BBG_INVTSFSIL.KSH,Job,Unix,bbg_invtsfsil.ksh,2013-4-18 PM8:36:54,,,,1,1009850
BBG_RA_ADJREASON_SDE.KSH,Job,Unix,bbg_ra_adjreason_sde.ksh,2013-4-18 PM8:36:54,,,,1,1009830
BBG_RA_ADJREASON_SIL.KSH,Job,Unix,bbg_ra_adjreason_sil.ksh,2013-4-18 PM8:36:54,,,,1,1009836
BBG_RA_CONTRACT_TYPE_SDE.KSH,Job,Unix,bbg_ra_contract_type_sde.ksh,2013-4-18 PM8:36:54,,,,1,1009832
BBG_RA_CONTRACT_TYPE_SIL.KSH,Job,Unix,bbg_ra_contract_type_sil.ksh,2013-4-18 PM8:36:54,,,,1,1009838
BBG_RA_CUST_CLPLP.KSH,Job,Unix,bbg_ra_cust_clplp.ksh,2013-7-19 PM3:15:51,,,,2,1011112
BBG_RA_CUST_DPPLP.KSH,Job,Unix,bbg_ra_cust_dpplp.ksh,2013-7-19 PM3:16:30,,,,2,1011114
BBG_RA_CUST_DVPLP.KSH,Job,Unix,bbg_ra_cust_dvplp.ksh,2013-7-19 PM3:17:37,,,,2,1011116
BBG_RA_CUST_GPPLP.KSH,Job,Unix,bbg_ra_cust_gpplp.ksh,2013-7-19 PM3:17:03,,,,2,1011115
BBG_RA_CUST_IT_SDE.KSH,Job,Unix,bbg_ra_cust_it_sde.ksh,2013-7-19 PM3:12:08,,,,2,1011108
BBG_RA_CUST_IT_SIL.KSH,Job,Unix,bbg_ra_cust_it_sil.ksh,2013-7-19 PM3:13:18,,,,2,1011109
BBG_RA_CUST_LCPLP.KSH,Job,Unix,bbg_ra_cust_lcplp.ksh,2013-10-11 PM12:41:36,,,,3,1014011
BBG_RA_CUST_SCPLP.KSH,Job,Unix,bbg_ra_cust_scplp.ksh,2013-7-19 PM3:14:56,,,,2,1011110
BBG_RA_ITEM_LOC_SDE.KSH,Job,Unix,bbg_ra_item_loc_sde.ksh,2013-4-18 PM8:36:54,,,,1,1009834
BBG_RA_ITEM_LOC_SIL.KSH,Job,Unix,bbg_ra_item_loc_sil.ksh,2013-4-18 PM8:36:54,,,,1,1009840
BBG_RA_ITEM_LOC_SUPP_SDE.KSH,Job,Unix,bbg_ra_item_loc_supp_sde.ksh,2013-4-18 PM8:36:54,,,,1,1009835
BBG_RA_ITEM_LOC_SUPP_SIL.KSH,Job,Unix,bbg_ra_item_loc_supp_sil.ksh,2013-4-18 PM8:36:54,,,,1,1009841
BBG_RA_RETAIL_TYPE_SDE.KSH,Job,Unix,bbg_ra_retail_type_sde.ksh,2013-4-18 PM8:36:54,,,,1,1009831
BBG_RA_RETAIL_TYPE_SIL.KSH,Job,Unix,bbg_ra_retail_type_sil.ksh,2013-4-18 PM8:36:54,,,,1,1009837
BBG_RA_RTV_SDE.KSH,Job,Unix,bbg_ra_rtv_sde.ksh,2013-4-18 PM8:36:54,,,,1,1009846
BBG_RA_RTV_SIL.KSH,Job,Unix,bbg_ra_rtv_sil.ksh,2013-4-18 PM8:36:54,,,,1,1009851
BBG_RA_SLSFCSDE.KSH,Job,Unix,bbg_ra_slsfcsde.ksh,2013-6-8 AM11:52:39,,,,2,1011085
BBG_RA_SLSFCSIL.KSH,Job,Unix,bbg_ra_slsfcsil.ksh,2013-6-8 PM2:03:57,,,,2,1011087
BBG_RA_SUPP_INCOME_TYPE_SDE.KSH,Job,Unix,bbg_ra_supp_income_type_sde.ksh,2013-4-18 PM8:36:54,,,,1,1009833
BBG_RA_SUPP_INCOME_TYPE_SIL.KSH,Job,Unix,bbg_ra_supp_income_type_sil.ksh,2013-4-18 PM8:36:54,,,,1,1009839
BBG_RA_SUPP_INV_SDE.KSH,Job,Unix,bbg_ra_supp_inv_sde.ksh,2013-4-18 PM8:36:54,,,,1,1009843
BBG_RA_SUPP_INV_SIL.KSH,Job,Unix,bbg_ra_supp_inv_sil.ksh,2013-4-18 PM8:36:54,,,,1,1009848
BBG_RA_SUPP_SLSCLDCURRPLP.KSH,Job,Unix,bbg_ra_supp_slscldcurrplp.ksh,2013-4-18 PM8:36:53,,,,1,1009701
BBG_RA_SUPP_SLSCLDCURRRCPLP.KSH,Job,Unix,bbg_ra_supp_slscldcurrrcplp.ksh,2013-4-18 PM8:36:52,,,,1,1009686
BBG_RA_SUPP_SLSCLDPLP.KSH,Job,Unix,bbg_ra_supp_slscldplp.ksh,2013-4-18 PM8:36:54,,,,1,1009854
BBG_RA_SUPP_SLSCLWCURRPLP.KSH,Job,Unix,bbg_ra_supp_slsclwcurrplp.ksh,2013-4-18 PM8:36:53,,,,1,1009703
BBG_RA_SUPP_SLSCLWCURRRCPLP.KSH,Job,Unix,bbg_ra_supp_slsclwcurrrcplp.ksh,2013-4-18 PM8:36:52,,,,1,1009688
BBG_RA_SUPP_SLSCLWPLP.KSH,Job,Unix,bbg_ra_supp_slsclwplp.ksh,2013-4-18 PM8:36:55,,,,1,1009855
BBG_RA_SUPP_SLSCURRCDPLP.KSH,Job,Unix,bbg_ra_supp_slscurrcdplp.ksh,2013-4-18 PM8:36:53,,,,1,1009706
BBG_RA_SUPP_SLSCURRCWPLP.KSH,Job,Unix,bbg_ra_supp_slscurrcwplp.ksh,2013-4-18 PM8:36:53,,,,1,1009709
BBG_RA_SUPP_SLSCURRDDPLP.KSH,Job,Unix,bbg_ra_supp_slscurrddplp.ksh,2013-4-18 PM8:36:53,,,,1,1009707
BBG_RA_SUPP_SLSCURRDWPLP.KSH,Job,Unix,bbg_ra_supp_slscurrdwplp.ksh,2013-4-18 PM8:36:53,,,,1,1009710
BBG_RA_SUPP_SLSCURRRCCDPLP.KSH,Job,Unix,bbg_ra_supp_slscurrrccdplp.ksh,2013-4-18 PM8:36:52,,,,1,1009693
BBG_RA_SUPP_SLSCURRRCCWPLP.KSH,Job,Unix,bbg_ra_supp_slscurrrccwplp.ksh,2013-4-18 PM8:36:52,,,,1,1009694
BBG_RA_SUPP_SLSCURRRCDDPLP.KSH,Job,Unix,bbg_ra_supp_slscurrrcddplp.ksh,2013-4-18 PM8:36:52,,,,1,1009695
BBG_RA_SUPP_SLSCURRRCDWPLP.KSH,Job,Unix,bbg_ra_supp_slscurrrcdwplp.ksh,2013-4-18 PM8:36:52,,,,1,1009696
BBG_RA_SUPP_SLSCURRRCSDPLP.KSH,Job,Unix,bbg_ra_supp_slscurrrcsdplp.ksh,2013-4-18 PM8:36:52,,,,1,1009691
BBG_RA_SUPP_SLSCURRRCSWPLP.KSH,Job,Unix,bbg_ra_supp_slscurrrcswplp.ksh,2013-4-18 PM8:36:52,,,,1,1009692
BBG_RA_SUPP_SLSCURRSDPLP.KSH,Job,Unix,bbg_ra_supp_slscurrsdplp.ksh,2013-4-18 PM8:36:53,,,,1,1009705
BBG_RA_SUPP_SLSCURRSWPLP.KSH,Job,Unix,bbg_ra_supp_slscurrswplp.ksh,2013-4-18 PM8:36:53,,,,1,1009708
BBG_RA_SUPP_SLSDLDCURRPLP.KSH,Job,Unix,bbg_ra_supp_slsdldcurrplp.ksh,2013-4-18 PM8:36:53,,,,1,1009702
BBG_RA_SUPP_SLSDLDCURRRCPLP.KSH,Job,Unix,bbg_ra_supp_slsdldcurrrcplp.ksh,2013-4-18 PM8:36:52,,,,1,1009689
BBG_RA_SUPP_SLSDLDPLP.KSH,Job,Unix,bbg_ra_supp_slsdldplp.ksh,2013-4-18 PM8:36:55,,,,1,1009856
BBG_RA_SUPP_SLSDLWCURRPLP.KSH,Job,Unix,bbg_ra_supp_slsdlwcurrplp.ksh,2013-4-18 PM8:36:53,,,,1,1009704
BBG_RA_SUPP_SLSDLWCURRRCPLP.KSH,Job,Unix,bbg_ra_supp_slsdlwcurrrcplp.ksh,2013-4-18 PM8:36:52,,,,1,1009690
BBG_RA_SUPP_SLSDLWPLP.KSH,Job,Unix,bbg_ra_supp_slsdlwplp.ksh,2013-4-18 PM8:36:55,,,,1,1009857
BBG_RA_SUPP_SLSIDSNPLP.KSH,Job,Unix,bbg_ra_supp_slsidsnplp.ksh,2013-4-18 PM8:36:55,,,,1,1009866
BBG_RA_SUPP_SLSILDSNPLP.KSH,Job,Unix,bbg_ra_supp_slsildsnplp.ksh,2013-4-18 PM8:36:55,,,,1,1009864
BBG_RA_SUPP_SLSILSIL.KSH,Job,Unix,bbg_ra_supp_slsilsil.ksh,2013-4-18 PM8:36:54,,,,1,1009847
BBG_RA_SUPP_SLSILTDPLP.KSH,Job,Unix,bbg_ra_supp_slsiltdplp.ksh,2013-4-18 PM8:36:55,,,,1,1009858
BBG_RA_SUPP_SLSILTSDE.KSH,Job,Unix,bbg_ra_supp_slsiltsde.ksh,2013-4-18 PM8:36:54,,,,1,1009842
BBG_RA_SUPP_SLSILTWPLP.KSH,Job,Unix,bbg_ra_supp_slsiltwplp.ksh,2013-4-18 PM8:36:55,,,,1,1009859
BBG_RA_SUPP_SLSILWSNPLP.KSH,Job,Unix,bbg_ra_supp_slsilwsnplp.ksh,2013-4-18 PM8:36:55,,,,1,1009865
BBG_RA_SUPP_SLSIWSNPLP.KSH,Job,Unix,bbg_ra_supp_slsiwsnplp.ksh,2013-4-18 PM8:36:55,,,,1,1009867
BBG_RA_SUPP_SLSLDPLP.KSH,Job,Unix,bbg_ra_supp_slsldplp.ksh,2013-4-18 PM8:36:55,,,,1,1009862
BBG_RA_SUPP_SLSLWPLP.KSH,Job,Unix,bbg_ra_supp_slslwplp.ksh,2013-4-18 PM8:36:55,,,,1,1009863
BBG_RA_SUPP_SLSSDPLP.KSH,Job,Unix,bbg_ra_supp_slssdplp.ksh,2013-4-18 PM8:36:55,,,,1,1009860
BBG_RA_SUPP_SLSSLDCURRPLP.KSH,Job,Unix,bbg_ra_supp_slssldcurrplp.ksh,2013-4-18 PM8:36:52,,,,1,1009697
BBG_RA_SUPP_SLSSLDCURRRCPLP.KSH,Job,Unix,bbg_ra_supp_slssldcurrrcplp.ksh,2013-4-18 PM8:36:55,,,,1,1009868
BBG_RA_SUPP_SLSSLDPLP.KSH,Job,Unix,bbg_ra_supp_slssldplp.ksh,2013-4-18 PM8:36:54,,,,1,1009852
BBG_RA_SUPP_SLSSLWCURRPLP.KSH,Job,Unix,bbg_ra_supp_slsslwcurrplp.ksh,2013-4-18 PM8:36:53,,,,1,1009700
BBG_RA_SUPP_SLSSLWCURRRCPLP.KSH,Job,Unix,bbg_ra_supp_slsslwcurrrcplp.ksh,2013-4-18 PM8:36:54,,,,1,1009825
BBG_RA_SUPP_SLSSLWPLP.KSH,Job,Unix,bbg_ra_supp_slsslwplp.ksh,2013-4-18 PM8:36:54,,,,1,1009853
BBG_RA_SUPP_SLSSWPLP.KSH,Job,Unix,bbg_ra_supp_slsswplp.ksh,2013-4-18 PM8:36:55,,,,1,1009861
BBG_RA_WHOLESALESSDE.KSH,Job,Unix,bbg_ra_wholesalessde.ksh,2013-6-8 AM11:46:55,,,,4,1010014
BBG_RA_WHOLESALESSIL.KSH,Job,Unix,bbg_ra_wholesalessil.ksh,2013-4-18 PM8:36:57,,,,1,1010017
BBG_SUPPINCOMESDE.KSH,Job,Unix,bbg_suppincomesde.ksh,2013-4-18 PM8:36:57,,,,1,1010015
BBG_SUPPINCOMESIL.KSH,Job,Unix,bbg_suppincomesil.ksh,2013-4-18 PM8:36:57,,,,1,1010016
BBG_SUPPINVICURRCSDPLP.KSH,Job,Unix,bbg_suppinvicurrcsdplp.ksh,2013-4-18 PM8:36:55,,,,1,1009870
BBG_SUPPINVICURRCSWPLP.KSH,Job,Unix,bbg_suppinvicurrcswplp.ksh,2013-4-18 PM8:36:55,,,,1,1009871
BBG_SUPPINVICURSDPLP.KSH,Job,Unix,bbg_suppinvicursdplp.ksh,2013-4-18 PM8:36:53,,,,1,1009718
BBG_SUPPINVICURSWPLP.KSH,Job,Unix,bbg_suppinvicurswplp.ksh,2013-4-18 PM8:36:55,,,,1,1009869
BBG_SUPPINVIDPLP.KSH,Job,Unix,bbg_suppinvidplp.ksh,2013-4-18 PM8:36:53,,,,1,1009714
BBG_SUPPINVILCDPLP.KSH,Job,Unix,bbg_suppinvilcdplp.ksh,2013-4-18 PM8:36:55,,,,1,1009873
BBG_SUPPINVILCWPLP.KSH,Job,Unix,bbg_suppinvilcwplp.ksh,2013-4-18 PM8:36:55,,,,1,1009877
BBG_SUPPINVILDDPLP.KSH,Job,Unix,bbg_suppinvilddplp.ksh,2013-4-18 PM8:36:55,,,,1,1009875
BBG_SUPPINVILDWPLP.KSH,Job,Unix,bbg_suppinvildwplp.ksh,2013-4-18 PM8:36:55,,,,1,1009878
BBG_SUPPINVILSDPLP.KSH,Job,Unix,bbg_suppinvilsdplp.ksh,2013-4-18 PM8:36:55,,,,1,1009872
BBG_SUPPINVILSWPLP.KSH,Job,Unix,bbg_suppinvilswplp.ksh,2013-4-18 PM8:36:55,,,,1,1009876
BBG_SUPPINVILWPLP.KSH,Job,Unix,bbg_suppinvilwplp.ksh,2013-4-18 PM8:36:53,,,,1,1009713
BBG_SUPPINVIWPLP.KSH,Job,Unix,bbg_suppinviwplp.ksh,2013-4-18 PM8:36:53,,,,1,1009715
BBG_SUPPINVSDPLP.KSH,Job,Unix,bbg_suppinvsdplp.ksh,2013-4-18 PM8:36:53,,,,1,1009716
BBG_SUPPINVSWPLP.KSH,Job,Unix,bbg_suppinvswplp.ksh,2013-4-18 PM8:36:53,,,,1,1009717
CMX_RA_DB_COM_OPT_SQL.KSH,Job,Unix,cmx_ra_db_com_opt_sql.ksh,2013-9-10 PM2:15:44,,,,2,1014006
CMX_RA_DB_DECCOM_OPT_SQL.KSH,Job,Unix,CMX_RA_DB_DECCOM_OPT_SQL.ksh,2013-9-10 PM2:15:06,,,,2,1013004
CMX_RA_DIMENSION_CHECK.KSH,Job,Unix,cmx_ra_dimension_check.ksh,2013-5-2 PM2:19:46,,,,9,1012005
CMX_RA_FACT_CHECK.KSH,Job,Unix,cmx_ra_fact_check.ksh,2013-5-2 PM2:24:38,,,,2,1012021
RETAILPARTSEEDFACTPLP.KSH,Job,Unix,retailpartseedfactplp.ksh,2013-4-27 PM10:07:34,,,,1,1005044
VARA_RA,Variable,,RA Env Variables,2013-5-2 PM2:32:52,,,,11,1012013
,,,,,,,,,
Objects: 98, /,Selected: 98,,,,,,,
